in_local_head,local_exists,local_head_sha256,local_sha256,path,status,upstream_differs_from_local_head,upstream_object,upstream_sha256,upstream_text_differs_from_local_head,upstream_type,working_differs_from_head,working_text_differs_from_head
False,True,,f44ea5ca70bce3599c716ab93f66367107f5572c1da61028f786cf398df9d790,README.md,modified,,d7657f442a6428ea0a8b818e5da5a3da8fa487e4,70d7a0c733183c31da96d7ade6c85703954b63ca6b9c5589e8415ded52394da4,,blob,,
False,False,,,src/microstrain_inertial,gitlink_absent,,88c53dc66f45cad01821a441250bfb97d294deed,,,commit,,
True,True,ca6af0c7a2759cc07148835560d0e7d28939bd772c8cad12682cf6352b2d4880,719b31eec63f4f6a201f3c7009f4ab877f3b0334a947be8c1a50e0f6b368697e,src/rinbo_data_recorder/CMakeLists.txt,modified,True,f1af94b56489830708f9122cd4a1dbe9e2b7816f,fdba91c7723ca217115867b3b6c47fb9e0f94bd604e4c96b41bad1780c31793c,False,blob,True,True
True,True,71d6fcf64bd892fbe8433a38fe836a26663b0e4cbb864fb6785ed55e278b743b,97b51e4a80075beb99cc252b702ea7857e54e1dc3aee83a0dd3e6e7e105968ce,src/rinbo_data_recorder/package.xml,modified,True,88ead6ac0bdbc1bdbe77767adeed0669a1d8eda5,adfd47feb952ce9d7ea9a774ca3f33383122388c3686564f1bdcccb4549834f7,False,blob,True,True
True,True,1784bfab6e0d7f080d6c8d1b1a7477e5e8849f9484823a99edafc0f5b516ebd9,5cde87f147770ea3832e55014e2a268c807ba8404b1782af96cfc2cee0652041,src/rinbo_data_recorder/src/rinbo_data_recorder.cpp,modified,True,076f687b28e37edf52fd8aaeb87bb01464c536c2,d7434ef1afa458cd9ff6937c1f3cc4fb6cf598796b62fe3910333ff7692cd932,True,blob,True,True
True,True,551e5a791177022ec9318fb7eee3b2c5d613cfd32f9f56cc62142017962909ea,9c8c17a85c5f5bfc53e65bdb51b992cfdc2b4f2b1d11b0e01675c0909dca1475,src/rinbo_fsm/CMakeLists.txt,modified,True,ffb0f09f2282bb6fd00e5b845de48a1a682dea0b,eb0f2512659f9ed0f42a41b62938a16103942c6c22edf7862a9bffbe5297b7f2,False,blob,True,True
True,True,6133d1e45658985257386f4a7a2e20ec1239291e4d1d2334c3c225d6fa662926,69ae76911a9151e407a89d49a51e7d151c9afe87c61a1926e62b6a6594927b44,src/rinbo_fsm/package.xml,modified,True,602ec3984a700331db07412a2bde60f71fc5967d,084283033b0d777484a2c315fbee6c39268def00d01211f8d833d575032907dc,False,blob,True,True
True,True,e3ca9c1b62018cd11649028b6d23f0b20e0a7e4a2f8e94ca0665c83c0a661768,653645dc80437feaadb607527df7664a5bd8c72177b07f6e2bfb538c7961f38c,src/rinbo_fsm/src/rinbo_cali.cpp,modified,True,4f98d3f646b0bd4c5a28d07e7fb82b2428c91196,216c6071dd256407cc7229ef830ba2c847f1d764349b541dea805f1f64cb762a,True,blob,True,True
True,True,0c822029cb22aa705e3fc45219600275dec04f640274b6e354003b4165e4f7f3,c7e810e61b7e78ee41705d87349c910542281641ab58344e8e9d7b3d805c4d89,src/rinbo_fsm/src/rinbo_standing.cpp,modified,True,5c512bc2ca5083b951aa4a8c9e79835c8e5bde98,2f1fec9e8b91b034b0cc263d962166599ed95c1ed71f77a71c6017eccfedb327,False,blob,True,True
True,True,a7ed925988cf845ee579ddc2183761cdf7f3124aaaf22d6927c3ed3ccf5a2ecd,7ce324b72a5d591f8e26f850783ac3817f9ba73990cdb075ad177ff8a73ea4a8,src/rinbo_fsm/src/rinbo_tripod.cpp,modified,True,81f6f4b8cd0dd17e1804b4532b4000425516a666,d9eb6df4cdddd271c58727d564aad504ec2bd0d95542e6dfc16f9e11d3722810,True,blob,True,True
True,True,6bdbc384157679e90a6dc7389d852886ff256368ab860a8e8240ec90f8fdc8fb,e3e80350d57305c2f096c10ce42122cb2580f192572030ac02c9b6dae1857468,src/rinbo_msgs/CMakeLists.txt,modified,False,bec9b57c66b80c113d08f1cf089a6faaf3c4f44d,6bdbc384157679e90a6dc7389d852886ff256368ab860a8e8240ec90f8fdc8fb,False,blob,True,True
True,True,4f84e931398592388c2bb13b5bcfa7143b515a530e858f863f1d9d49911565ff,4f84e931398592388c2bb13b5bcfa7143b515a530e858f863f1d9d49911565ff,src/rinbo_msgs/README.md,identical,False,c8c771f48b116d252fbb62fea537235e1e0c0e33,4f84e931398592388c2bb13b5bcfa7143b515a530e858f863f1d9d49911565ff,False,blob,False,False
True,True,2dfb1ed4fda2b89d04c7717dafae30c84e2b21087f5757a4d3e152f718bd47e3,2dfb1ed4fda2b89d04c7717dafae30c84e2b21087f5757a4d3e152f718bd47e3,src/rinbo_msgs/msg/Header.msg,line_endings_only,True,ba4b18cdf06b015802b5b035100b841eadf32cd2,f5a865b26ac43e599442264a323fd7d56ca65a9fb5972d3792cf3c6d00afd5a7,False,blob,False,False
True,True,9d7206ede34f9f3e01715a22dd4e3d23bf132da4ea3dbc7410b6bb7cee4bbb6d,9d7206ede34f9f3e01715a22dd4e3d23bf132da4ea3dbc7410b6bb7cee4bbb6d,src/rinbo_msgs/msg/LegCmd.msg,line_endings_only,True,16f43b087a2c676c6c06082f045076ccdbc4a4e3,266ec4e3312b1e22201268a02f0cbf9f46ed07b3f5ce61c262f78b4ee35827aa,False,blob,False,False
True,True,248733e49e5bf97120e6cbe6134592f6cef49228e1c8b036e27b6e7bb3ae4c43,248733e49e5bf97120e6cbe6134592f6cef49228e1c8b036e27b6e7bb3ae4c43,src/rinbo_msgs/msg/LegState.msg,line_endings_only,True,8bdb013b6060934fc9ec940ad25bd9aa563edcdb,2cbbc7fae50873f18a2074cd0b649bec8ef7261bb1367c48d8ba13be43285dad,False,blob,False,False
True,True,0ed09cc696e4c01e7da3623f8cb83a05f63e069514a5a0b6475d8aaea9fd56aa,0ed09cc696e4c01e7da3623f8cb83a05f63e069514a5a0b6475d8aaea9fd56aa,src/rinbo_msgs/msg/MotorCmdStamped.msg,line_endings_only,True,94d4bd236e54c047bb787eb9137dea1a6519e541,dd3093a04077a348d85dad25d61b653f03be82dc54225d7c97512dfc69b5b3a1,False,blob,False,False
True,True,4edeabdef98e65509aed6034820b60b6ca136901c9e9eaaab76c3220de317586,4edeabdef98e65509aed6034820b60b6ca136901c9e9eaaab76c3220de317586,src/rinbo_msgs/msg/MotorStateStamped.msg,line_endings_only,True,7f8d2e0447b615ffec81d6e364ad1730cab81d8f,6673ca9b0e414d12db8209b86410b92eeeb0895b2fab6e8299bc60eb59899b76,False,blob,False,False
True,True,b05cbcb0995fef02a98dc672088801b50b039b8abd13700afc755e159c864869,b05cbcb0995fef02a98dc672088801b50b039b8abd13700afc755e159c864869,src/rinbo_msgs/msg/PowerCmdStamped.msg,line_endings_only,True,f87eaec8f9e6c80dbff8f8bab0abcfe486173909,76ad238406ca1f64b0b94974e18e19829a5b146c08ede9c01af64b00b9689d6e,False,blob,False,False
True,True,0e696bc47db8cbefe11f378ba569ccb0fa3753ba602928349754010ae6d16d92,0e696bc47db8cbefe11f378ba569ccb0fa3753ba602928349754010ae6d16d92,src/rinbo_msgs/msg/PowerStateStamped.msg,line_endings_only,True,63223b55c3165f02a431da310da495089b869280,873ff5da192aaed3bd2bd8585804d543551e545a3c8b662b1ca1e25b08b72723,False,blob,False,False
True,True,706c51398a963ee2e50ea8509c505b9b30f716a45306967f2ad4ccd3e98a90e2,706c51398a963ee2e50ea8509c505b9b30f716a45306967f2ad4ccd3e98a90e2,src/rinbo_msgs/msg/ServoCmd.msg,line_endings_only,True,c40d02fcbcf1a07e4863f3cbe0f537d6cc1530d7,1e1f41d18df6eca3301018508162c82fc5207ddb4594625c716e427c72fe5aae,False,blob,False,False
True,True,80cd3a6b3684cdc97b64af677893d634c173fe3e7b2791b5f5f4f2eb5936f330,80cd3a6b3684cdc97b64af677893d634c173fe3e7b2791b5f5f4f2eb5936f330,src/rinbo_msgs/msg/ServoState.msg,line_endings_only,True,770c6b54ac44e665c52ed89ed944acd81c00af67,b50d6aca7e3e5faa9f347a962f21ed393ed98c83130a8b05fa1bbde6dd69bf09,False,blob,False,False
True,True,bf82df71b332749cf2205cea07bf6f82db0d4f26f080c5d0749d1436568489cf,bf82df71b332749cf2205cea07bf6f82db0d4f26f080c5d0749d1436568489cf,src/rinbo_msgs/package.xml,identical,False,f029236ce1329b0ca387f1a4ae3f98561cc15ca5,bf82df71b332749cf2205cea07bf6f82db0d4f26f080c5d0749d1436568489cf,False,blob,False,False
False,False,,,src/rinbo_panel/CMakeLists.txt,absent_locally,,3abe39f8dfa21493a7e04b7c3433b6e0e2bfe595,51bb125d010d3682cd540306ba56b7eb7805513caebd26bb06e737b0d6ab3633,,blob,,
False,False,,,src/rinbo_panel/launch/rinbo_control_panel.launch,absent_locally,,9e15efb5074d700bd648bdf883a822f2afd4a779,3789f432890d02771876fbf3bd7347b37992ed9f7c36cd866fa9ac1686b3045e,,blob,,
False,False,,,src/rinbo_panel/package.xml,absent_locally,,053a16d6f86ca239fc9b2a036255e68872b73f00,64d8275886afae7c3393f1986ff0beb8c8169204db8bb71c2ccddeaad7484595,,blob,,
False,False,,,src/rinbo_panel/scripts/rinbo_control_panel.py,absent_locally,,a26f3c7393accbb27b827a6e79261d75db948dab,d8e3e05625c4f3163cbd17e26662b80171d04830fc14f2c93ffd31f581ddff52,,blob,,
False,False,,,src/rinbo_pid_test/CMakeLists.txt,absent_locally,,4ad5d9cb424aeb8a96f8d45610b6532be45e52bc,f07d29539cdac2a268b46a2f17dcfba341e8476d171d2b621c9138e4530b9698,,blob,,
False,False,,,src/rinbo_pid_test/package.xml,absent_locally,,d12bcaf930dc09cc8d35a99c68a89b60b088526b,a29da715fece85c56d9d115a3c00e6f6334f6feccab1bd66988df851902564f4,,blob,,
False,False,,,src/rinbo_pid_test/src/rinbo_pid_test.cpp,absent_locally,,fd41c766834ade03268276e63d63b214f5f7984b,e7001fa86fbc1d1024617e33d74cd9493c2bb267224fc783cd4732f32fcfb9e2,,blob,,
False,False,,,src/rinbo_pid_test/src/rinbo_traj_rslip.cpp,absent_locally,,c044c534a7c24629098894bb1c87876dc415aa57,578991ba3784ed7315de693d7eaa2be9c228e55c778bbb81a8bb5d684c0cdbde,,blob,,
True,True,c228b8657bf177be3e09281d74d163e690c41f24ce42c5feb1406783caf2fb86,0e7605c9ca89341c9d7cba121c707b6856f3444eebc5b45c23e2e5c16cb22be0,src/rinbo_ros_bridge/CMakeLists.txt,modified,False,13d8c84aa9fd964759fd4446b76d72baf22c7a6a,c228b8657bf177be3e09281d74d163e690c41f24ce42c5feb1406783caf2fb86,False,blob,True,True
True,True,b7ed1dec313d50b7216da79cffb064a6a86039825d6ba508d62861b718750b8a,b7ed1dec313d50b7216da79cffb064a6a86039825d6ba508d62861b718750b8a,src/rinbo_ros_bridge/cmake/common.cmake,identical,False,aba0fa19f5397bf2ecaa256f3c8a743c9841a769,b7ed1dec313d50b7216da79cffb064a6a86039825d6ba508d62861b718750b8a,False,blob,False,False
True,True,bee1a22a50a61e02423ec33f3053fbbfa5214b9fe5e2f2f25633ce55ae9a2066,bee1a22a50a61e02423ec33f3053fbbfa5214b9fe5e2f2f25633ce55ae9a2066,src/rinbo_ros_bridge/launch/rinbo_ros_bridge.launch,identical,False,41bea34f4a030626d90f104abfe5562f1e5a6762,bee1a22a50a61e02423ec33f3053fbbfa5214b9fe5e2f2f25633ce55ae9a2066,False,blob,False,False
True,True,41a53108d5ac305fc2c95a9ae17c07a092e62bd3236aa974c71c856d940f6a55,29d690d7f9cc1f814a2033df0d60e0298f0d99bf9fa5e6837ab2fcdaf9a611e0,src/rinbo_ros_bridge/package.xml,modified,False,e98c549391159dd8cd1c302b2cae868cc154e4f4,41a53108d5ac305fc2c95a9ae17c07a092e62bd3236aa974c71c856d940f6a55,False,blob,True,True
True,True,d00c033ccfd421d8a64def81b597ebcc39ba1fb39a34a4f10fc710fe38855f1f,d00c033ccfd421d8a64def81b597ebcc39ba1fb39a34a4f10fc710fe38855f1f,src/rinbo_ros_bridge/scripts/rinbo_ros_bridge.sh,identical,False,2a8393ba096936ea6511b2bf0bdef4cde1134ef7,d00c033ccfd421d8a64def81b597ebcc39ba1fb39a34a4f10fc710fe38855f1f,False,blob,False,False
True,True,1109bb04e338f36fe8abd349480eb75e2f4f77a852dc768a1071f3fa16c17d77,1109bb04e338f36fe8abd349480eb75e2f4f77a852dc768a1071f3fa16c17d77,src/rinbo_ros_bridge/src/CMakeLists.txt,identical,False,649dc11ade804013e3a832ff483f55fd93b0a3d0,1109bb04e338f36fe8abd349480eb75e2f4f77a852dc768a1071f3fa16c17d77,False,blob,False,False
True,True,6a6929bc58abcb2cf2a39821fa42933f91e5773903ccca951cb22143e3d4071f,e91119de01a602dcb686ca54802da4c7b88af10cf7c07eff1b85ae129111e5f2,src/rinbo_ros_bridge/src/rinbo_ros_bridge.cpp,modified,True,238825b70a07571699ccda174c1bddf66a5dfa23,60da40799e512784da885ed63b4d428d0fc97af50cfc4f4b549739c517e269e5,True,blob,True,True
False,,,b9952cc33bbc3d9f4d84e45132837ed82739dbd4094e91b4c31e07d0c6131509,tools/evaluate_tripod_velocity_filter.py,local_only,,,,,,,
False,,,85f2cd8c096f93952c55053003b89a9c986943bbc168a5ee28a10dfe1390e21a,tools/fpga_lifecycle/baseline-sha256.json,local_only,,,,,,,
False,,,808bf2f627f2f076a7343f126c52e448f3ba7fedb0263f0d5003f01fb61cc5e5,tools/fpga_lifecycle/fpga-service,local_only,,,,,,,
False,,,7861a1d42ae601c6095769075014f5ce073628400da615f9185d40f04861fcbf,tools/fpga_lifecycle/lifecycle.patch,local_only,,,,,,,
False,,,fbdf14d788141444212afe7fe0ba4d2f6a56ded7e4f29b8cb0ed14185c9a66a2,tools/fpga_lifecycle/README.md,local_only,,,,,,,
False,,,8024df400461730ebd7057eb60defeaa1adda7ad9a9e9bd010aa5da2af392eb4,tools/fpga_lifecycle/prepare_candidate.py,local_only,,,,,,,
False,,,5f01c190ac34a297c43068626f19bd95425287298ff366a1f973c93a79d829f5,tools/fpga_lifecycle/test/endpoint_test.cpp,local_only,,,,,,,
False,,,4afc5cba1634e6e58d13eeacd4964a940c093f56712d427be2cca4ac076a33ea,tools/fpga_lifecycle/test/test_lifecycle.py,local_only,,,,,,,
False,,,0a5e8a616866a6fe0bb0ccdbc8fd12fc1b7c1a72365e28d91fcaae59106a8e41,tools/fpga_lifecycle/test/fake_ni.cpp,local_only,,,,,,,
False,,,dbe270e6b0a883140cd0c0d1702f7a77550dd46ef817a8f1982d587bc6df5129,src/rinbo_msgs/msg/SafetyEventStamped.msg,local_only,,,,,,,
False,,,f35e2b2d9528f57d96e2224c478d7c18b50fea0577b42e79e66047f959b6679e,src/rinbo_msgs/msg/ControllerDebugStamped.msg,local_only,,,,,,,
False,,,aa28a5e605f2b3a729edc6a4906bb89bc447aff55518001e8db6a31dda8b283c,tools/fpga_lifecycle/test/fake/messages.hpp,local_only,,,,,,,
False,,,3f84f416bbaa75477e63d664c1825aeb19f480cb57b587ff6528b1eb171ae471,tools/fpga_lifecycle/test/fake/NodeHandler.h,local_only,,,,,,,
False,,,e0c4e4e7d0dd6c91f18c3c2b955b79d185f83b5fff46d1dedfb987a22e555d86,tools/fpga_lifecycle/test/fake/Power.pb.h,local_only,,,,,,,
False,,,e0c4e4e7d0dd6c91f18c3c2b955b79d185f83b5fff46d1dedfb987a22e555d86,tools/fpga_lifecycle/test/fake/Motor.pb.h,local_only,,,,,,,
False,,,8306215bf9c4a29581332ab8c3214a7b5e4e2e16e1a669e670796f096c845b8d,tools/fpga_lifecycle/test/build.sh,local_only,,,,,,,
False,,,fb4489de903993a927438b4b66ce8d5729c6fc6fcc91f810896fc1129f8aa4f6,tools/fpga_lifecycle/test/test_service.py,local_only,,,,,,,
False,,,bb68e4be9a350ba2de4ddc6568c1fc5bf4c99de586addea2676a01883fbceb6e,tools/fpga_lifecycle/test/config.yaml,local_only,,,,,,,
False,,,fd44b8b7c97e7447f410961aaf7e6f1f40b09e2e01b7421f02acc2c348c9ae4d,tools/fpga_lifecycle/test/vendor/NiFpga_FPGA_POWER_RS485_v2.h,local_only,,,,,,,
False,,,cd14d4d02f15075c55713374b297025686f93ea4dd438d394d9828d1b5f9d3f6,tools/fpga_lifecycle/test/vendor/NiFpga.h,local_only,,,,,,,
False,,,68ea2a9aafb4de1080630eb9d84c7289440743c0f90b4ff32f7191248f232824,tools/fpga_lifecycle/test/vendor/unctrl.h,local_only,,,,,,,
False,,,e02d07d59451341667b527b19a46495dcfff318e597598f951d730236b1286de,tools/fpga_lifecycle/test/vendor/ncurses.h,local_only,,,,,,,
False,,,cd59c7e24b87401d036be945686d2b4d230039a02efe315be1fd5964b749c33b,tools/fpga_lifecycle/test/vendor/ncurses_dll.h,local_only,,,,,,,
False,,,cec4180b63f49616036594a6cdeba99b2da27e8f942917444490dab8d03c4b7d,tools/fpga_lifecycle/test/vendor/color.hpp,local_only,,,,,,,
False,,,e02d07d59451341667b527b19a46495dcfff318e597598f951d730236b1286de,tools/fpga_lifecycle/test/vendor/curses.h,local_only,,,,,,,
False,,,f8e506a0e75720d5b1eb8cbc1386ec8f355ae1354c17f18643e51a1e8ebab271,tools/fpga_lifecycle/test/vendor/curses-64.h,local_only,,,,,,,
False,,,0847bbf183e2ecb83c6810b4a77abdf2f73ba6c27e14cae44b585a03315530ee,tools/fpga_lifecycle/src/fpga_handler.cpp,local_only,,,,,,,
False,,,2fa0a7b291fe10613496729abddba112923862ff0ee8fd0a5b2225ebfb18612c,tools/fpga_lifecycle/src/fpga_server.cpp,local_only,,,,,,,
False,,,bd3362d2ea0338fa06fa20a9ce3f350733afa3a94a14f560af7cbcf19242687e,tools/fpga_lifecycle/src/console.cpp,local_only,,,,,,,
False,,,806e0fdf5bf217e84c02e7d56bef73a64d6ef700ca62a05317f1b371b1917cb8,tools/fpga_lifecycle/baseline/fpga_handler.cpp,local_only,,,,,,,
False,,,c67c2b50470a11af2b48f648df5d3bb8159405975089a24bb19ae82add045e1d,tools/fpga_lifecycle/baseline/fpga_handler.hpp,local_only,,,,,,,
False,,,ad008f2a61cf0f0bc4a364c5febf7e17b8c1355d84aec797d0dcace907d9c373,tools/fpga_lifecycle/baseline/fpga_server.cpp,local_only,,,,,,,
False,,,d617c6a8425d4622b4ae05d50e3c5c462c9f825803703f0a48c984165272edfe,tools/fpga_lifecycle/baseline/fpga_server.hpp,local_only,,,,,,,
False,,,e2438c64480bb10d0a751ac5625aeb29b0bb7fa6af44054a2c7c7e689a503a66,tools/fpga_lifecycle/baseline/console.cpp,local_only,,,,,,,
False,,,c8bece003d82d2d2914424ddedc99eeb772583703bdc79d096087e38f3d27b3a,tools/fpga_lifecycle/baseline/console.hpp,local_only,,,,,,,
False,,,cf20bea6ffc963b6250cc5afdfb6285d252cc2702c16baa52ffaf73e11b4c36b,tools/fpga_lifecycle/include/fpga_handler.hpp,local_only,,,,,,,
False,,,d1095485aeb45b12bbd9a5aa613bec2941cebb207f3ee4a1cbca627560478ebb,tools/fpga_lifecycle/include/fpga_server.hpp,local_only,,,,,,,
False,,,b04bc0e4df97aab0fdb8f9854affec2972c25844dafac8593a68a77683d0b421,tools/fpga_lifecycle/include/console.hpp,local_only,,,,,,,
False,,,ac36e1a4996757566d23ca961909b188bb0d745b3649699eab075596c534d771,tools/fpga_lifecycle/include/driver_lifecycle.hpp,local_only,,,,,,,
False,,,8dc74471a78786eeb6ac20cab84cb3aa70395a13b95a49d37c6f8671be7a8a1b,tools/plot_tripod_gait_compare.py,local_only,,,,,,,
False,,,60a18527e565afcf7b56e431dd5458b94ac33e4d39029a820cb6df0c7c30e8cd,tools/analyze_tripod_gait_compare.py,local_only,,,,,,,
False,,,5d32b7c1a74496f0de72b2263bea1afccf7c33e5079f9703b739f084871729af,tools/fpga_lifecycle/SHA256SUMS,local_only,,,,,,,
False,,,4e9f53b24dbc295fe96405227e03c325e9318a10e8a3028b249d8802f938d181,tools/fpga_lifecycle/evidence/overlay-results.txt,local_only,,,,,,,
False,,,71cb7bdf61f989613013aa02ceed9582ce68931bff782b12f309d4a73b7091cb,tools/fpga_lifecycle/evidence/candidate-source-sha256.json,local_only,,,,,,,
False,,,9b3c896ba06dd5dc02871dbbfc1530e984150af2ad237f2c5ef3a09580947c49,tools/fpga_lifecycle/evidence/fake-linkage.txt,local_only,,,,,,,
False,,,e3f58b5d26605b6d7af8117215b696377800a9aa9fa5605f14b8845383cf7b87,tools/fpga_lifecycle/evidence/native-compile.txt,local_only,,,,,,,
False,,,dab367de2a37fcd4915bac0f29d1b1739967582c73a999df8849942b660cf273,tools/fpga_lifecycle/evidence/native-command.txt,local_only,,,,,,,
False,,,922505ff1457764b27b3cd635eaaf5f571025c1833a1eb5c32f789253e893d0c,tools/fpga_lifecycle/evidence/orin-recheck.json,local_only,,,,,,,
False,,,a51b318762df694c3aadbd1ddf124a3a692e6155f57c1a539a7d7be1cad081c6,tools/fpga_lifecycle/evidence/new-bridge.json,local_only,,,,,,,
False,,,df73438cb8e9f1a0dd1b8bf275a451c1924cde5fe234c9398d6e74ed067e349f,tools/fpga_lifecycle/evidence/service-results.txt,local_only,,,,,,,
False,,,23523b90a5869f961057fa559d5b966d3fcbd084434ed2431c19556889b92715,tools/fpga_lifecycle/evidence/endpoint-results.txt,local_only,,,,,,,
False,,,42a193d099a97ebab57a7a9c4f184d5f74cd8684b790a09e912106ae304592b6,tools/fpga_lifecycle/evidence/sbrio-recheck.txt,local_only,,,,,,,
False,,,10f7b7675dbfb430c525cc8fa731070813017cd474d12f2288b7ff30232e9d90,tools/fpga_lifecycle/evidence/offline-results.json,local_only,,,,,,,
False,,,2d220443075d8353c202ee8e8b605ac42b649b2af93cf44972f480bcdfb83d3b,tools/fpga_lifecycle/evidence/orin-journal-filter.txt,local_only,,,,,,,
False,,,f6269fe1634e1ea29bbe366adb77cd2955b363d226501354a6dc77b00387d3b0,src/redrhex_msgs/package.xml,local_only,,,,,,,
False,,,c7ecf0236e9fc47befff2b576d4fd938b782c5c5f02e4a07c2925f178a00ef80,src/redrhex_msgs/CMakeLists.txt,local_only,,,,,,,
False,,,04f39e4b676c9590a965f841e2dc53241ffa49b2e20d4556424efe2e34dd2aba,src/redrhex_msgs/msg/RedRhexMotorState.msg,local_only,,,,,,,
False,,,6e85e9ab46c546451e6c31496471a9b33e7b96aff9ea819b9137b9994cb9ddb8,src/redrhex_msgs/msg/RedRhexMotorCommand.msg,local_only,,,,,,,
False,,,7224e98c57171da0808ba88ad6cd96cc43911db7bbbc8ba544549f5e0e104a54,src/rinbo_fsm/config/manual_velocity.yaml,local_only,,,,,,,
False,,,ad974a1585f4d194cd837b1805bec2769912751d23bb08fed8e40339c76dfa7a,src/rinbo_fsm/config/tripod_safety_test.yaml,local_only,,,,,,,
False,,,a936e2ddf8ce74f27b058d476c5851c55159090038a9d8e798cd31cb4c59456c,src/rinbo_fsm/config/manual_phase.yaml,local_only,,,,,,,
False,,,10460f802770f20e3bbd4812c48fa1a4817cd99796df929d30df5a0505e61dc9,src/rinbo_fsm/config/manual_single_leg.yaml,local_only,,,,,,,
False,,,e7199556f7483a93c20cefe93c631150e7498df97e76e775ebb3735ef6e12e9b,src/rinbo_fsm/config/disabled_leg_template.yaml,local_only,,,,,,,
False,,,434f34fdf67a368f617a76d50615ba591cb2cb15aa44dfaf1fae5df29ed1d657,src/rinbo_fsm/config/l1_degraded_test.yaml,local_only,,,,,,,
False,,,c578eebfcf85e8db769fae93e208e497c0dd42f332d26c9d48706a94588aef25,src/rinbo_ros_bridge/test/test_motor_output_limits.cpp,local_only,,,,,,,
False,,,3c0152f71014b2269edcd0e619071668b2e3b971d2c84c70b62ef7212a9b8d12,src/rinbo_ros_bridge/test/test_power_command_epoch_guard.cpp,local_only,,,,,,,
False,,,4646d1084ed6feaf5db6d69b228fbcb575dd17741398c3ac5af9c8ca27be5cbc,src/rinbo_data_recorder/scripts/rinbo_log_control,local_only,,,,,,,
False,,,46d03ec1c5483a986b0d597b1846e161fcc5f562b50a3c0fd5920f5d921e49ea,src/rinbo_fsm/test/test_control_velocity.cpp,local_only,,,,,,,
False,,,2586fc17c44b6ae6389dbc83270c2f119b8dc25105f389038bfbce0aecd56d90,src/rinbo_fsm/test/test_standing_multileg.cpp,local_only,,,,,,,
False,,,052fef9c2806591bc2fe04d6154f34f907ce81d32586ffdd53690f34bc2a61ca,src/rinbo_fsm/test/assert_sin_sweep_retired.cmake,local_only,,,,,,,
False,,,7a9a78e09f3693e0ba2da5f5e524071f0114cfeb9b119e82cdb5c93dd079d1e5,src/rinbo_fsm/test/test_manual_motion.cpp,local_only,,,,,,,
False,,,fdf6cfe0c307bd2efbacb99dca1a3f2a8a91739ed72e3b1bea837504f5e27013,src/rinbo_fsm/test/test_manual_controller.cpp,local_only,,,,,,,
False,,,524ffa9f55dc5e88cefdbf744ed77a3cafd1615274897f64f2d7c2757f67af6d,src/rinbo_fsm/test/test_robot_config.cpp,local_only,,,,,,,
False,,,e4523e43d43190fef88747ccebd3d534b74471ff2813b07cd57ebf1304d923c8,src/rinbo_fsm/test/test_cali_multileg.cpp,local_only,,,,,,,
False,,,3f3759ede1990a78a5c1c7504ef53bcee187d2a270b0e6af22f88d166c580cf6,src/rinbo_fsm/test/test_motor_arbiter_handshake.cpp,local_only,,,,,,,
False,,,8005baa5c7e90c4c507985b7c64fb8eb3625f358e60d27b1a4429d2b54abef48,src/rinbo_fsm/test/test_latest_state_safety.cpp,local_only,,,,,,,
False,,,445d1ef40ce7536c27b19f51459faae671b7ea2377d574c432f7f8b6c8a93f0d,src/rinbo_fsm/test/test_tripod_multileg.cpp,local_only,,,,,,,
False,,,205db50d0a333b2e54eb2984c2383fdcf36c3feb61fd90af51b210804cfacff6,src/redrhex_rl_controller/setup.cfg,local_only,,,,,,,
False,,,8bea3dec9112ae907cc26fb861749587c3609e178a7691132431d387a00c3a4b,src/redrhex_rl_controller/package.xml,local_only,,,,,,,
False,,,13db4e203fcd662f3d5ef56b25114885357da0f6130e9d349009aa3dcc6381f0,src/rinbo_ros_bridge/src/power_command_epoch_guard.hpp,local_only,,,,,,,
False,,,638c7d34727ed8439daff06d88e5c7d9772382b2c966e17496469e8458caafcd,src/rinbo_data_recorder/test/test_command_recording.py,local_only,,,,,,,
False,,,94227920138618aa9f2e527235827b1eca51c90f443c20f8af85c0b83ff99961,src/rinbo_ros_bridge/src/motor_output_limits.hpp,local_only,,,,,,,
False,,,2e69942fdf39af8e92fa408a5bde4862da82aecc387eb76eb85f6de4978a72de,src/rinbo_monitor/setup.cfg,local_only,,,,,,,
False,,,3d780224ff606434dda8ade897f9bef678c8bc3ef7edb9f82c6942b4a4ef856c,src/rinbo_monitor/package.xml,local_only,,,,,,,
False,,,b1064efcf862d86f8dd6148c5b2d6376dc602554993619f31bbd54178f913d15,src/rinbo_monitor/setup.py,local_only,,,,,,,
False,,,60f6ff4ca13c38069f17e08f5aa053a2a3ab69538711df53131057bcfa858612,src/rinbo_fsm/src/motion_effort.hpp,local_only,,,,,,,
False,,,cbbc3f82d40d837c091c63a745367ae39ed397b3b0be2925a54cfc01e45d4cf2,src/rinbo_fsm/src/safety_invariants.hpp,local_only,,,,,,,
False,,,bdd0a5388edc2c3a09b40ee807f0c4110e417bccf78a63d5e77a822b484f7696,src/rinbo_fsm/src/rinbo_legs.cpp,local_only,,,,,,,
False,,,688705ec3bc9b01717e57aab81bece1ac5c165f0169dcf52f679cc45abd7571c,src/rinbo_fsm/test/fixtures/robot_test.yaml,local_only,,,,,,,
False,,,378c37d98af8b44e9d83364e09fb74b97ea778b9b5e7cd6a7bae304baaa75cc0,src/rinbo_fsm/src/disabled_legs.hpp,local_only,,,,,,,
False,,,40366bb9d4d0d37a80f1f06f99b1c2840da43e46b7c4759caea9c32d1f78879a,src/rinbo_fsm/src/latest_state_qos.hpp,local_only,,,,,,,
False,,,b741405fdabad32dd0a3deccdae4a1d6dafeaebb55aea284a235b095dd5c235e,src/rinbo_fsm/src/ros_input_guard.hpp,local_only,,,,,,,
False,,,9cf2a4a48af05a8a4e24d587336932f89c5bbe1ca518c83d1f7adcc3366744be,src/rinbo_fsm/test/test_motion_effort.cpp,local_only,,,,,,,
False,,,9ff45e997bf47981606d5a06afe39d2583176830f3b740b30a860114fd345f85,src/rinbo_fsm/src/tripod_power_policy.hpp,local_only,,,,,,,
False,,,a5eb7f531c7053d573faf9e3b2a9f5d667b2ab36ff8aa856c585c10c4b39dfa0,src/rinbo_fsm/src/rinbo_power_guard.hpp,local_only,,,,,,,
False,,,59303c53954f3929edd8d4839c141072926f86730b055d4f05abef2f6a5a9c57,src/rinbo_fsm/src/bridge_input_discovery.hpp,local_only,,,,,,,
False,,,acf0a6417df7865336811e7b0b87a534cc2ef57c64d817614a33bb460d58305e,src/rinbo_fsm/src/robot_config.hpp,local_only,,,,,,,
False,,,f3d273c99486bdc110c2a14012fda3c4bbe52342ea6e0b16f50647105cb8343f,src/rinbo_fsm/src/motor_tracking.hpp,local_only,,,,,,,
False,,,0a381252be413b7a6111f9e530d180d9c264b34c629eb76cb7e172e5a4b1be4f,src/rinbo_fsm/src/rinbo_manual.cpp,local_only,,,,,,,
False,,,d98396fed265d745e1925aa47c69576ecbf24e03c7ae112da4b24108ec5cd0f3,src/rinbo_fsm/src/rinbo_sin_sweep.cpp,local_only,,,,,,,
False,,,6fe0f0e19c4d8eb8270dbfe30d3b0fce92db1725125234e8319c586fbc7a5866,src/rinbo_fsm/src/manual_motion.hpp,local_only,,,,,,,
False,,,b9f73e2e2058f40ef6ab713c837c48871ad7e56a704c989faa7dd61772e2da66,src/rinbo_fsm/src/tripod_reference.hpp,local_only,,,,,,,
False,,,13118fea1df02af445283f4a54e8a46b2fef3f84e7cfc2cfd14c542d93ba4865,src/rinbo_fsm/src/control_velocity.hpp,local_only,,,,,,,
False,,,69376ef59c0e230e8ec5f21acb970e1c238de122959a72d9d8f313b14a1d40ec,src/rinbo_fsm/src/robot_config.cpp,local_only,,,,,,,
False,,,c5fd6055f7a339bb10075380950842ee71d4ef2eeb87ebd5f89bb9a438bebfff,src/rinbo_fsm/src/motor_arbiter_handshake.hpp,local_only,,,,,,,
False,,,8a8136f45cc417f79ae4f95eae12544105114e83738a93cb7651a7da0aec9c89,src/redrhex_rl_controller/scripts/package_verified_policy.py,local_only,,,,,,,
False,,,bc367bb468eb8df263177ea04d9cba1a20dfae2bc93fde476215a39a08f5e958,src/redrhex_rl_controller/scripts/check_onnx_io.py,local_only,,,,,,,
False,,,b91b136887eb9bde29ec1963c65060529673768ec99dc0167dad110525bce5b6,src/redrhex_rl_controller/scripts/compare_onnx_with_torch.py,local_only,,,,,,,
False,,,899f6a28510feded48b6021b0f4376f5bbf52bb8af153fc2728dfc6c81cdc57a,src/redrhex_rl_controller/setup.py,local_only,,,,,,,
False,,,896452b2789cc8df620b9706e38a579c6ecca1a43f03cc620d2c9cc343acaf53,src/rinbo_data_recorder/launch/record_experiment.launch.py,local_only,,,,,,,
False,,,3b3843b56f4589a7433c7df03d06e3f83253068e867e63859cdb873b8e040538,src/rinbo_ros_bridge/config/redrhex_safe.yaml,local_only,,,,,,,
False,,,e3b0c44298fc1c149afbf4c8996fb92427ae41e4649b934ca495991b7852b855,src/rinbo_monitor/resource/rinbo_monitor,local_only,,,,,,,
False,,,3abac4e26f2bf9cc903c99c14831a9caceee18e041cc9c3c7c682f6fa772fefd,src/rinbo_data_recorder/config/logging_tripod_safety.yaml,local_only,,,,,,,
False,,,afeb71a042d00c18cc4f1ee241b057b3c9526d743a93c774fa5d1f8ac1a64fe3,src/rinbo_control/setup.cfg,local_only,,,,,,,
False,,,39bc1bf54b112ed86877702e047599024fae74e10ba9ccd34a66b15ae8b37e9a,src/rinbo_control/package.xml,local_only,,,,,,,
False,,,062f48792d351340e5161ce56384e4f994c1faf7b765c17b57930932ca8205fb,src/rinbo_control/setup.py,local_only,,,,,,,
False,,,f531d78b856570b9e2169eec7979f9a1d1d6bc2d6f62788e9db0ddc996f9338a,src/rinbo_monitor/rinbo_monitor/recording.py,local_only,,,,,,,
False,,,addceabc9cc80433bed74136aec49cdc671a7abf5bef9888e7e445844a798cd3,src/rinbo_monitor/rinbo_monitor/model.py,local_only,,,,,,,
False,,,35cdc700a8e9c3d7f06aed3149261961faa18115b1da3ea4b7b89d89f97aae82,src/rinbo_monitor/rinbo_monitor/panel.html,local_only,,,,,,,
False,,,e3b0c44298fc1c149afbf4c8996fb92427ae41e4649b934ca495991b7852b855,src/rinbo_monitor/rinbo_monitor/__init__.py,local_only,,,,,,,
False,,,ce9ebe6c9f82ed49bb7e2b6953ef927986968d445b1fcb24fd293baff456880a,src/rinbo_monitor/rinbo_monitor/server.py,local_only,,,,,,,
False,,,1a8ad252b5ea5df2abd4686466ea8cb8b4971777f786dcc48175b1968fe426d0,src/redrhex_lowlevel_bridge/redrhex_lowlevel_bridge/rinbo_bringup_check.py,local_only,,,,,,,
False,,,cd8aa2e4fd3ec49b3023de1f514eea4a674c45760b6e9d3ddbf70bdd0669e320,src/redrhex_lowlevel_bridge/redrhex_lowlevel_bridge/biorola_servo_probe.py,local_only,,,,,,,
False,,,2a97be1209376f4dc7c43bcd2765e7a04ea6f8ba8091ac5e83e9c1071d135b77,src/redrhex_lowlevel_bridge/redrhex_lowlevel_bridge/rinbo_ros_backend.py,local_only,,,,,,,
False,,,24f27e729eba29e8a485ffd603867b28ddecafc032fcee642bb43bd26eca2f7b,src/redrhex_lowlevel_bridge/redrhex_lowlevel_bridge/serial_bridge.py,local_only,,,,,,,
False,,,b04a64fd7d0c6a4165ad6e3a48b32f76cb5fe45723a1c132899f9c67a806b77b,src/redrhex_lowlevel_bridge/redrhex_lowlevel_bridge/mock_bridge.py,local_only,,,,,,,
False,,,6920514e5b5d9efb671ba21e625c83cc7579a0674fc242232dc0194ad4726cab,src/redrhex_lowlevel_bridge/redrhex_lowlevel_bridge/sbrio_udp_bridge.py,local_only,,,,,,,
False,,,a1fbbc85234268cc2868faa9ed5b5d99330a86c8f4e59961dc9edf5e718db02b,src/redrhex_lowlevel_bridge/redrhex_lowlevel_bridge/biorola_fault_diag.py,local_only,,,,,,,
False,,,c4bf0dc4765dbfa6938c23ef64a402152839c1cb7fae93c94dbf1851ab4e2803,src/redrhex_lowlevel_bridge/redrhex_lowlevel_bridge/rinbo_power_tool.py,local_only,,,,,,,
False,,,50f5b3e6ec83bb75eba1b4dc81cc1aa97df554ca56660121f7154e755cb2721b,src/redrhex_lowlevel_bridge/redrhex_lowlevel_bridge/__init__.py,local_only,,,,,,,
False,,,1413d44d319508c53dea07bcd8e76ca6d1430f2facd702b545317d61d2c4aaf5,src/redrhex_lowlevel_bridge/redrhex_lowlevel_bridge/bridge_base.py,local_only,,,,,,,
False,,,3cff662194d9ed2d61d6f8eb20b1d46c61f4ab6fd9870320a6419774ccad2b99,src/redrhex_lowlevel_bridge/redrhex_lowlevel_bridge/biorola_bringup_plan.py,local_only,,,,,,,
False,,,f3b242f8c952e5f25fd513476bf5c0a5897fb766003f9a58fb5f2af926ff5f96,src/redrhex_lowlevel_bridge/redrhex_lowlevel_bridge/lowlevel_bridge_node.py,local_only,,,,,,,
False,,,f2a66f56fafd76f19ce894bba500f86485a1328f632577c44763978901e6da97,src/rinbo_monitor/test/test_recording.py,local_only,,,,,,,
False,,,85d2a9e59dd51bb544b32723d702680b0dfa9f8d223daf2c165f72d587628e1e,src/rinbo_monitor/test/test_panel.js,local_only,,,,,,,
False,,,4321bf964d1ba37f4a1c1c288e2aa2d14e478b0a3a891dfdfcb76a56b9777bf7,src/rinbo_monitor/test/test_monitor.py,local_only,,,,,,,
False,,,39944c137be0f087d645eecd16fb543589fd383e210f90994f274205acaa59fa,src/rinbo_monitor/test/test_ros_monitor.py,local_only,,,,,,,
False,,,01ba4719c80b6fe911b091a7c05124b64eeece964e09c058ef8f9805daca546b,src/redrhex_rl_controller/resource/redrhex_rl_controller,local_only,,,,,,,
False,,,01ba4719c80b6fe911b091a7c05124b64eeece964e09c058ef8f9805daca546b,src/redrhex_lowlevel_bridge/resource/redrhex_lowlevel_bridge,local_only,,,,,,,
False,,,7eaf59f4898d100f74b26dd6ab3fa20fd2a8907cfaefde79a6672daca8387662,src/redrhex_lowlevel_bridge/config/lowlevel_bridge_full_feedback_rig.yaml,local_only,,,,,,,
False,,,c6f146bffd33f1667139aaa48072edf2d3c2d3f2cb2da4c78a80579f0eb8c490,src/redrhex_lowlevel_bridge/config/lowlevel_bridge_locomotion_tune.yaml,local_only,,,,,,,
False,,,a6d54918e719efcb3df864465e17484a60b037d5755a2a84e64c7ed92338ea0e,src/redrhex_lowlevel_bridge/config/lowlevel_bridge_encoder_only_rig.yaml,local_only,,,,,,,
False,,,f21c6542c3a09f74e87b645a9dd6ac8c8193e63ed94a61db92b2fcd2396091ef,src/redrhex_lowlevel_bridge/config/lowlevel_bridge_sensor_v2_suspended_experimental.yaml,local_only,,,,,,,
False,,,db56c71b177f422d8f392ab8fc4655b30be57a00c944bb0c18911db89c8c17fb,src/redrhex_lowlevel_bridge/config/lowlevel_bridge_bench_safe.yaml,local_only,,,,,,,
False,,,67e2dd5a209defa9a30b5499d272520c1cb58dd9a0d4b2472fd9ffc171e7aed8,src/redrhex_lowlevel_bridge/config/lowlevel_bridge.yaml,local_only,,,,,,,
False,,,16bbfc9b20484bf3f3777dcb02aab2521981c335b9a3b2210c3bcaa0c8b78089,src/redrhex_rl_controller/config/redrhex_policy.yaml,local_only,,,,,,,
False,,,024b20473b22b5e0d78a4ad56e1182e3b9df8614b109d0f79133a9e194260abf,src/redrhex_rl_controller/config/redrhex_policy_bench_safe.yaml,local_only,,,,,,,
False,,,f0919e4a3264ed5a8f493b212e4b321665c0f4688ca8a5dd7a3d603bf1e05586,src/redrhex_rl_controller/config/redrhex_policy_encoder_only_rig.yaml,local_only,,,,,,,
False,,,3daaaf7ff2ea29e61e4bf4fcdd5c1d8f55d258029780ea8e523f59b483977602,src/redrhex_rl_controller/config/redrhex_policy_locomotion_tune.yaml,local_only,,,,,,,
False,,,0b050584f6fa54063bda26ccd45c354412b972b044b12c2d2f433dff71b5b1c2,src/redrhex_rl_controller/config/redrhex_policy_sensor_v2_suspended_experimental.yaml,local_only,,,,,,,
False,,,a282eae723714215e980425356d27b41551b1d7fbbebf410bbdad6f511965639,src/redrhex_rl_controller/config/redrhex_policy_full_feedback_rig.yaml,local_only,,,,,,,
False,,,c5ea7663b79f3fcfbd1b74708423252e16233b167c8777ae5a043f65e00d2d47,src/redrhex_lowlevel_bridge/setup.cfg,local_only,,,,,,,
False,,,39f39eede48a1d6421d4d8a9c1f7cdcedd5c330f038831f311153d900e954fc8,src/redrhex_lowlevel_bridge/package.xml,local_only,,,,,,,
False,,,a73b9d8fdccb1f719786c3bf0cb05f73def43bf57e2488bc2709edc44c3bc86c,src/redrhex_lowlevel_bridge/setup.py,local_only,,,,,,,
False,,,2360a6afeb7c2dc46f399190455ea2750211f901704dcb1f7e3456dbc90425d8,src/rinbo_control/rinbo_control/sim_motion_limits.py,local_only,,,,,,,
False,,,65a697b748092fc436138ae23e1c3f09eea6d5ddce5d3257fd659d31be213fa1,src/rinbo_control/rinbo_control/ssh_auth.py,local_only,,,,,,,
False,,,3b95144bd7902832a216f8f5e644cf0074b959ffb882371abc0a682973954f59,src/rinbo_control/rinbo_control/motion_limits.py,local_only,,,,,,,
False,,,5a1f42cd3424857ab007b5c87f8e56ced02c898000654e653455deba7ebf7c51,src/rinbo_control/rinbo_control/demo.py,local_only,,,,,,,
False,,,29d00bf2f65fc19127949b9f3c0af8e55968bd189466f0dce1cda7d43958204e,src/rinbo_control/rinbo_control/calibration_progress.py,local_only,,,,,,,
False,,,0230c5b9f8b42512b372d54883ab485d760fd1b1956ba5d35f7f53ddd1795a0d,src/rinbo_control/rinbo_control/console.py,local_only,,,,,,,
False,,,95ba185c53a299ace54153634bddd792022f4f022ccf598d265a977878abaa74,src/rinbo_control/rinbo_control/library.py,local_only,,,,,,,
False,,,a1d77457d67207eb86924075075030a3b1f4506a7ded003cb9be151e29b4e71d,src/rinbo_control/rinbo_control/runtime.py,local_only,,,,,,,
False,,,a191c309eb89e9a5f904d838d01a259dab32bcd11c6c3958d911493ea32183c9,src/rinbo_control/rinbo_control/__init__.py,local_only,,,,,,,
False,,,1bef692cc04631cfcd2adfc7b6a581442b3aab121a0dc0a5069a49bd9ee187b5,src/rinbo_control/rinbo_control/presentation.py,local_only,,,,,,,
False,,,c65c1dae3e89ab0fc65b62474e21bcc9e91a4000e306101605937ae035771c79,src/rinbo_control/README.md,local_only,,,,,,,
False,,,19f1c898e82affc8349f1c93905e251ca75fab029ba7bf54278c577a699ae248,src/redrhex_rl_controller/redrhex_rl_controller/rl_controller_node.py,local_only,,,,,,,
False,,,eb87b72ba193cf0d23ffe1a889f7202f6d45a488845a9551c98ca537eb1fed68,src/rinbo_control/rinbo_control/sbrio.py,local_only,,,,,,,
False,,,6cf880ab8b94c4e2de00d4ad6f12181b9ebdae1be552bc907a10a6213c2a3522,src/rinbo_control/rinbo_control/guardian.py,local_only,,,,,,,
False,,,eb65a29175ba154a9c7627634c7f3f9fb05e07fa936a533007473e585ba16543,src/rinbo_control/rinbo_control/terminal.py,local_only,,,,,,,
False,,,5d6dca607dd70b883f08819eb7caa0225574ff6e4749328a3efd922ca437b565,src/rinbo_control/rinbo_control/feedback.py,local_only,,,,,,,
False,,,4668d010ff4845a4a3f9269e8b52071cd357bff9807fc6e9ac5690fdc474bf24,src/rinbo_control/rinbo_control/plans.py,local_only,,,,,,,
False,,,b6b5c7e0c30e550ace219ecf9bcaf4c79ff4ea4b5f8a481c70827e4b307d126b,src/rinbo_control/rinbo_control/connection_recovery.py,local_only,,,,,,,
False,,,e3b0c44298fc1c149afbf4c8996fb92427ae41e4649b934ca495991b7852b855,src/rinbo_control/resource/rinbo_control,local_only,,,,,,,
False,,,0fbcedecaae302fdfbe059e2d65accb15daea6bf75496537687f97d5558dc832,src/redrhex_rl_controller/README.md,local_only,,,,,,,
False,,,b3b09d4addabd105bf176240c88da31624a6775f3538778d437f74029d88aa04,src/redrhex_rl_controller/redrhex_rl_controller/degraded_mode.py,local_only,,,,,,,
False,,,33eb8b63293fd73fd4c908ae80a5147651c241659d403661e891c95c3b1b409a,src/redrhex_rl_controller/redrhex_rl_controller/state_machine.py,local_only,,,,,,,
False,,,ff8749cf0f5b6e16ea235c28a7aef5f9078c492264abb3ecd859e2c6ac4b2fd6,src/redrhex_rl_controller/redrhex_rl_controller/golden_policy.py,local_only,,,,,,,
False,,,5b178d051679d5a552c96d9734a5cb14ff112c68c5f8e34b7a8beadcee98dcfe,src/redrhex_rl_controller/redrhex_rl_controller/policy_onnx_runner.py,local_only,,,,,,,
False,,,d52811b30183c628644cf7cae83bc1f11a8ba6927362179250bc61a8093e6322,src/redrhex_rl_controller/redrhex_rl_controller/action_decoder.py,local_only,,,,,,,
False,,,dbe4f91e194ccb10f70573604c6e67beef6f4244258ecb5a0cb5922f446bf806,src/redrhex_rl_controller/redrhex_rl_controller/rinbo_leg_mask.py,local_only,,,,,,,
False,,,f9fb326684e057ac2e1063ff0f55cabcc81f2517cca2c82c413ed70d8dffa28c,src/redrhex_rl_controller/redrhex_rl_controller/policy_validation.py,local_only,,,,,,,
False,,,b3b76511b9c69179b344f0eefb0a08627629cbf5392198ea9dc4319c4758ca4d,src/redrhex_rl_controller/redrhex_rl_controller/golden_recorder.py,local_only,,,,,,,
False,,,005db99fbe6b9f675aeb533dc2247d50d326dc10b66d2b522d5f150fe98e5daf,src/redrhex_rl_controller/redrhex_rl_controller/motor_command_tool.py,local_only,,,,,,,
False,,,59e167c6f7292db2ff94887a05b4a5f32b89979c728bd2e1d7b7af1793e8113b,src/redrhex_rl_controller/redrhex_rl_controller/preflight_check.py,local_only,,,,,,,
False,,,35574980b390049f4df527ccfbb1d0bf29c797ac027fc2656ef45e9a0173bdf4,src/redrhex_rl_controller/redrhex_rl_controller/estop_tool.py,local_only,,,,,,,
False,,,7de55af1dddc55d19b9b58ac38a83c999b399f89cb0ce4b06c91b3e12e9b7bba,src/redrhex_rl_controller/redrhex_rl_controller/fake_sensor_node.py,local_only,,,,,,,
False,,,7ee680188ae00018ed789add7d0c2a42c2c2460d882ff70f91959d269da85e31,src/redrhex_rl_controller/redrhex_rl_controller/__init__.py,local_only,,,,,,,
False,,,aa4b6e790c5a357ce162b56e47ad00869a23dad2e6537b32d737af8737aad74c,src/redrhex_rl_controller/redrhex_rl_controller/bridge_config_hash.py,local_only,,,,,,,
False,,,59202f4593b26ca5dba9b11dcf8a355146be81395cf625b021d6a1209c70dff6,src/redrhex_rl_controller/redrhex_rl_controller/safety_filter.py,local_only,,,,,,,
False,,,5ea0440cf0ed92dc1bef9341d56676980f2d3c32eb25cfc74b9458c933951d29,src/redrhex_rl_controller/redrhex_rl_controller/observation_builder.py,local_only,,,,,,,
False,,,9eb7f737809816dc2eedf262c20d9e9dc871150e2a5ea61b2a8f908724645592,src/redrhex_rl_controller/redrhex_rl_controller/redrhex_contract.py,local_only,,,,,,,
False,,,b800bc060a503dde518d6ba47b10e0f60cfc096848f803aa60b0cb6a8067640a,src/redrhex_rl_controller/redrhex_rl_controller/imu_alignment_tool.py,local_only,,,,,,,
False,,,a32784dd7569e1ee356f74e32f27e4ebfc6a2043cfc232101d28d714cea73314,src/redrhex_lowlevel_bridge/launch/lowlevel_bridge.launch.py,local_only,,,,,,,
False,,,b71b50157411797c1426c7949659df6e4ea3f54d790350ab600e30407f470302,src/redrhex_rl_controller/launch/redrhex_policy_bringup.launch.py,local_only,,,,,,,
False,,,0bd69799013ebeed1f18eb784dcb2e5259668dc1007b62d9068807d97779746e,src/redrhex_rl_controller/test/test_sensor_v2_runtime.py,local_only,,,,,,,
False,,,478d4aa883b2de655a1adaf266f1c92303ab1f78e3da8fb9b9feb2cf311d8983,src/redrhex_rl_controller/test/test_observation_imu_alignment.py,local_only,,,,,,,
False,,,77dcba18fd37e836cc77b303104c754f8b5bd3d612cf5610531f7d90a9ba0ded,src/redrhex_rl_controller/test/test_rinbo_leg_mask.py,local_only,,,,,,,
False,,,baeeb640305faa838b8b4944b5cc1f90da521beb68525d4c5e01c3f3cd6fddb5,src/redrhex_rl_controller/test/test_core_logic.py,local_only,,,,,,,
False,,,159d3a11d8821106da8c30cbb38fd5770799c1b823eeb22197b87d33d9137363,src/redrhex_rl_controller/test/test_policy_metadata_gates.py,local_only,,,,,,,
False,,,9e4c291193fa40c4425692622302912271b06932526bca49244e96a72dff8d08,src/redrhex_rl_controller/test/test_policy_launch_safety.py,local_only,,,,,,,
False,,,1c4cb28d9f76911dcf91f4331b6d27547edcd4dab7c9f6e49e4858bfa84fc88e,src/redrhex_rl_controller/test/test_motor_command_tool.py,local_only,,,,,,,
False,,,b989ed2ecb2309528b67467c869c7175672fea27a2fa996ee8a7bc7dba678337,src/redrhex_rl_controller/test/test_policy_validation.py,local_only,,,,,,,
False,,,48668a7560d8ae2852682d240abdff7ca6dc8fef60cdb751065a73510199e308,src/redrhex_rl_controller/test/test_full_feedback_profile.py,local_only,,,,,,,
False,,,df92405c3c0e30194b62da9501381c5cf34f99889d158a497ddc6608af42e5d4,src/redrhex_rl_controller/test/test_sensor_v2_offline_check.py,local_only,,,,,,,
False,,,8a7a112b8a98b2d56306c5df6a8e86fb918f7ea494ea5abed029a8b720f1ebb9,src/redrhex_rl_controller/test/test_estop_tool.py,local_only,,,,,,,
False,,,c05e6a5da4cbf634b1c0abcec93594e71da1a8527eb494d87b72cc2c56d7e258,src/redrhex_lowlevel_bridge/test/test_lowlevel_launch_contract.py,local_only,,,,,,,
False,,,6d7eaf9c75d271de0dfb9b2f017025040844cf26fe4fbe6bfea0dde2a391b798,src/redrhex_lowlevel_bridge/test/test_active_rinbo_safety_contract.py,local_only,,,,,,,
False,,,2dc010e6131e5df425d934272cffe7205209e1443222cc74c7294cf458e4e4dd,src/redrhex_lowlevel_bridge/test/test_rinbo_backend.py,local_only,,,,,,,
False,,,3ed3da02a6de1835aee255eb89b69cf017265ea2a5e313cc5bd94abe9a835988,src/redrhex_lowlevel_bridge/test/test_power_tool.py,local_only,,,,,,,
False,,,0b779712c8add377333e15489c45ff8dfca539682b8bd0bc720bde0b59bfc10e,src/redrhex_lowlevel_bridge/test/test_bringup_plan_retired.py,local_only,,,,,,,
False,,,7a8c2fc106ceaa7b6eb814476c6691431b85e415dd6930327471b8df46bd062c,src/redrhex_lowlevel_bridge/test/test_rinbo_bringup_check.py,local_only,,,,,,,
False,,,3d328a7815139af5170c0e527dad8b2efcd5239579e48617302ac6289271d738,src/redrhex_lowlevel_bridge/test/test_biorola_fault_diag.py,local_only,,,,,,,
False,,,453ed079aea429e5befb9aedb9880d9d8e4df0e0796bbdedfb2ac1d8e4d503bf,src/redrhex_lowlevel_bridge/test/test_biorola_servo_probe.py,local_only,,,,,,,
False,,,3334535760122dbcf18eef784557c432dd4205532d9a1993b857ac6e4f7b122b,src/rinbo_control/test/test_motion_limits.py,local_only,,,,,,,
False,,,726857ffa5a344980cda5511bff0e5e93f14827bd2fba33efb82682153af6edb,src/rinbo_control/test/test_plans.py,local_only,,,,,,,
False,,,b73bf7d0e08920b8b478ef34cf57582a0784d7be92578221c3a63387ae9de7fc,src/rinbo_control/test/test_runtime.py,local_only,,,,,,,
False,,,27a1f5c8a9fad36454d49b4bcdcc457c8562b01a47c5a23e36b1697a75cfcd65,src/rinbo_control/test/test_feedback.py,local_only,,,,,,,
False,,,8db59dd1852782970bed5e0a3098b0a843e6cba3e83eab708df581e139e988d8,src/rinbo_control/test/test_ssh_auth.py,local_only,,,,,,,
False,,,7a46a5f1449750d75d62f1d555230c9ed0a73d09c02afc38993d94f167708f70,src/rinbo_control/test/test_calibration_progress.py,local_only,,,,,,,
False,,,d5c1d29f0dbcb4d7a9e9b2687d043a032681810c4868e65bbacd1a8a8c5bd73e,src/rinbo_control/test/test_presentation.py,local_only,,,,,,,
False,,,72a0ce429ce63e0b43d737e41f2c23139d18e381b43683e1681f3733d33f9528,src/rinbo_control/test/test_connection_recovery.py,local_only,,,,,,,
False,,,0e5f8e38a42df362cd44a4edaa57ab9740f8f63c4bfd390145776a6fca9f2b42,src/rinbo_control/test/test_sbrio.py,local_only,,,,,,,
False,,,da29d393d425b196cd838c071165bfbb216b1fabab55ff91394c5d7a11174181,src/rinbo_control/test/test_leg_management.py,local_only,,,,,,,
False,,,5733d53c55da4869489f81b3160f4121fad440e4497c32b5e4356638b305774e,src/rinbo_control/test/test_workshop.py,local_only,,,,,,,
False,,,76dd20d8f4b617ab57c53223859398a09e0d3c6eec6bcd7454c360aea541edad,src/rinbo_control/test/test_console.py,local_only,,,,,,,
False,,,619bf7d0b83c85da80082ca2eec225f1016e18c8f04d165a6260db6c16d251ee,src/rinbo_control/test/test_convenience.py,local_only,,,,,,,
False,,,7279a45e706866dab27782d623da740a25eca1486e29123b7ee60570f4bc4be2,src/rinbo_control/test/test_terminal.py,local_only,,,,,,,
False,,,5a8307f480f437abbc27d276508f73858896880e45027bc2a6e8c090a1301674,robot.sh,local_only,,,,,,,
False,,,a1fd5cf2041836379ec5365b0c9e9f780d11c6e8d8ec2c8137d7b89514bbaf03,start_rinbo_monitor.sh,local_only,,,,,,,
False,,,d31a386645f0b37950c30ea8cf162f72206930b34ecc6a86c7bc5efdf231980d,Rinbo-Monitor.desktop,local_only,,,,,,,
