time_s,position_deg,target_deg,raw_velocity_deg_s,control_velocity_deg_s,target_velocity_deg_s,requested_pwm,output_pwm,cap
0.0,-0.0,0.0,0.0,0.0,0.0,0.0,0.0,80.0
0.051,-0.0,0.0,0.0,0.0,0.0,0.0,0.0,80.0
0.11,-0.0,0.0,0.0,0.0,0.0,0.0,0.0,80.0
0.16,-0.0,0.0,0.0,0.0,0.0,0.0,0.0,80.0
0.21,-0.0,0.0,0.0,0.0,0.0,0.0,0.0,80.0
0.27,-0.0,0.0,0.0,0.0,0.0,0.0,0.0,80.0
0.33,-0.0,0.0,0.0,0.0,0.0,0.0,0.0,80.0
0.38,-0.0,0.0,0.0,0.0,0.0,0.0,0.0,80.0
0.44,-0.0,0.0,0.0,0.0,0.0,0.0,0.0,80.0
0.5,-0.0,0.0,0.0,0.0,0.0,0.0,0.0,80.0
0.56,-0.0,0.0,0.0,0.0,0.0,0.0,0.0,80.0
0.62,-0.0,0.0,0.0,0.0,0.0,0.0,0.0,80.0
0.68,-0.0,0.0,0.0,0.0,0.0,0.0,0.0,80.0
0.73,-0.0,0.0,0.0,0.0,0.0,0.0,0.0,80.0
0.79,-0.0,0.0,0.0,0.0,0.0,0.0,0.0,80.0
0.841,-0.0,0.0,0.0,0.0,0.0,0.0,0.0,80.0
0.9,-0.0,0.0,0.0,0.0,0.0,0.0,0.0,80.0
0.951,-0.0,0.0,0.0,0.0,0.0,0.0,0.0,80.0
1.01,-0.0,0.0,0.0,0.0,0.05,0.183,0.183,80.0
1.07,-0.0,0.012,0.0,0.0,0.35,1.839,1.839,80.0
1.13,-0.0,0.043,0.0,0.0,0.652,4.49,4.49,80.0
1.19,-0.0,0.09,0.0,0.0,0.948,8.036,8.036,80.0
1.24,-0.0,0.144,0.0,0.0,1.2,11.803,11.803,80.0
1.3,-0.0,0.224,0.0,0.0,1.498,17.119,17.119,80.0
1.36,-0.0,0.325,0.0,0.0,1.802,23.543,23.543,80.0
1.41,-0.0,0.421,0.0,0.0,2.052,29.578,29.578,80.0
1.47,-0.0,0.551,0.0,0.0,2.348,37.561,37.561,80.0
1.52,-0.0,0.676,0.0,0.0,2.6,45.113,45.113,80.0
1.57,0.15,0.812,5.528,3.52,2.85,44.168,44.168,80.0
1.63,0.267,0.991,5.366,1.664,3.149,49.079,49.079,80.0
1.68,0.742,1.156,5.313,9.564,3.4,30.799,38.489,80.0
1.73,0.846,1.333,0.0,1.564,3.651,38.032,38.032,80.0
1.79,0.918,1.559,5.354,2.386,3.948,47.067,47.067,80.0
1.85,1.296,1.805,0.0,3.605,4.249,40.636,39.998,80.0
1.91,1.413,2.072,10.135,4.221,4.552,49.533,49.533,80.0
1.97,1.816,2.353,3.166,6.986,4.85,43.066,43.066,80.0
2.02,2.038,2.602,4.562,3.938,5.0,46.023,46.023,80.0
2.08,2.48,2.9,4.786,7.483,5.0,37.172,37.579,80.0
2.14,2.546,3.201,4.882,1.9,5.0,51.568,51.568,80.0
2.2,3.079,3.5,4.684,6.019,5.0,37.659,37.659,80.0
2.261,3.112,3.803,3.288,1.607,5.0,53.556,52.811,80.0
2.321,3.926,4.103,4.69,11.313,5.0,22.934,37.827,80.0
2.38,3.945,4.399,0.0,0.709,5.0,41.045,39.796,80.0
2.44,4.03,4.702,4.832,2.655,5.0,52.222,52.222,80.0
2.501,4.648,5.003,13.631,10.317,5.0,32.794,38.283,80.0
2.559,4.733,5.297,0.0,1.254,5.0,46.838,45.603,80.0
2.61,5.137,5.551,5.134,8.085,5.0,36.695,39.355,80.0
2.67,5.228,5.85,4.71,2.218,5.0,49.641,49.641,80.0
2.72,5.651,6.101,2.571,7.584,5.0,38.751,39.114,80.0
2.77,5.684,6.351,5.019,1.538,5.0,52.306,51.513,80.0
2.83,6.595,6.648,18.545,15.988,5.0,14.835,40.19,80.0
2.89,6.654,6.95,0.0,1.12,5.0,32.497,32.073,80.0
2.941,6.654,7.203,0.0,0.098,5.0,46.38,44.693,80.0
3.0,6.882,7.501,8.907,5.529,5.0,48.492,48.492,80.0
3.06,7.461,7.801,8.343,8.525,5.0,32.58,35.337,80.0
3.12,7.598,8.098,0.0,1.423,5.0,43.345,42.558,80.0
3.17,7.839,8.35,8.698,5.728,5.0,42.63,42.63,80.0
3.221,8.001,8.604,4.528,3.145,5.0,48.327,48.327,80.0
3.28,8.346,8.898,10.021,5.482,5.0,44.843,44.843,80.0
3.33,8.659,9.152,8.878,7.445,5.0,41.106,41.517,80.0
3.39,8.958,9.451,0.0,3.151,5.0,42.425,42.425,80.0
3.45,9.323,9.751,9.787,8.927,5.0,37.175,39.973,80.0
3.51,9.408,10.048,0.0,1.042,5.0,50.987,49.327,80.0
3.57,9.967,10.351,19.553,12.955,5.0,33.518,43.568,80.0
3.63,10.475,10.65,0.0,3.803,5.0,25.128,28.595,80.0
3.68,10.475,10.901,0.0,0.365,5.0,39.673,38.353,80.0
3.74,10.632,11.202,12.577,5.18,5.0,45.973,47.519,80.0
3.791,10.898,11.453,0.0,2.695,5.0,45.891,45.22,80.0
3.85,11.296,11.752,10.262,9.042,5.0,38.646,41.828,80.0
3.91,11.589,12.049,0.0,2.842,5.0,40.755,40.466,80.0
3.961,11.777,12.303,15.242,5.007,5.0,43.624,43.624,80.0
4.02,11.992,12.598,0.0,2.631,5.0,48.673,48.673,80.0
4.07,12.22,12.851,4.931,4.277,5.0,49.485,49.485,80.0
4.13,12.826,13.15,4.024,9.566,5.0,31.392,35.798,80.0
4.19,12.988,13.451,0.0,1.628,5.0,41.266,39.808,80.0
4.25,13.236,13.751,9.815,5.924,5.0,42.759,42.759,80.0
4.3,13.398,14.002,0.0,2.15,5.0,48.685,48.521,80.0
4.36,13.861,14.301,10.3,9.197,5.0,37.758,39.905,80.0
4.41,13.984,14.552,0.0,1.801,5.0,46.878,45.189,80.0
4.469,14.434,14.847,10.289,8.797,5.0,36.432,38.783,80.0
4.52,14.518,15.102,0.0,1.923,5.0,47.689,47.223,80.0
4.58,14.766,15.402,4.805,2.101,5.0,50.486,49.612,80.0
4.64,15.312,15.702,29.18,12.761,5.0,33.895,42.487,80.0
4.7,15.788,16.001,0.0,3.369,5.0,27.304,27.537,80.0
4.759,15.788,16.297,0.0,0.195,5.0,44.221,42.364,80.0
4.81,16.1,16.551,15.368,8.607,5.0,38.48,43.064,80.0
4.87,16.204,16.848,0.0,0.89,5.0,51.229,48.899,80.0
4.921,16.79,17.103,24.325,15.026,5.0,29.095,45.29,80.0
4.979,17.272,17.397,0.0,3.624,5.0,22.516,30.579,80.0
5.031,17.272,17.651,0.0,0.313,4.847,36.632,36.369,80.0
5.09,17.318,17.929,9.886,1.829,4.551,47.683,47.683,80.0
5.15,17.513,18.195,4.973,2.282,4.249,50.318,50.318,80.0
5.21,18.333,18.438,14.695,13.942,3.952,14.699,35.502,80.0
5.27,18.418,18.668,0.0,1.117,3.649,25.444,25.444,80.0
5.321,18.418,18.846,0.0,0.094,3.397,34.455,34.455,80.0
5.381,18.424,19.041,0.0,0.288,3.097,43.526,43.526,80.0
5.44,18.613,19.217,0.0,2.114,2.798,41.259,41.259,80.0
5.49,18.678,19.351,4.891,1.857,2.548,44.195,44.195,80.0
5.55,18.789,19.493,0.0,1.124,2.252,45.111,45.111,80.0
5.6,18.913,19.6,4.834,2.688,2.001,42.863,42.863,80.0
5.66,18.997,19.711,0.0,1.315,1.699,43.717,43.717,80.0
5.711,19.076,19.791,0.0,1.429,1.447,42.891,42.891,80.0
5.77,19.147,19.867,0.0,1.218,1.152,42.236,42.236,80.0
5.83,19.206,19.928,0.0,1.016,0.849,41.382,41.382,80.0
5.889,19.232,19.969,0.0,0.213,0.553,41.46,41.46,80.0
5.94,19.232,19.991,0.0,0.02,0.298,41.823,41.823,80.0
6.0,19.258,20.0,0.0,0.741,0.0,39.673,39.673,80.0
6.059,19.277,20.0,0.0,0.322,0.0,38.751,38.751,80.0
6.11,19.277,20.0,0.0,0.028,0.0,38.841,38.841,80.0
6.16,19.277,20.0,0.0,0.003,0.0,38.849,38.849,80.0
6.21,19.277,20.0,0.0,0.0,0.0,38.85,38.85,80.0
6.26,19.277,20.0,0.0,0.0,0.0,38.85,38.85,80.0
6.32,19.277,20.0,0.0,0.0,0.0,38.85,38.85,80.0
6.38,19.277,20.0,0.0,0.0,0.0,38.85,38.85,80.0
6.43,19.277,20.0,0.0,0.0,0.0,38.85,38.85,80.0
6.49,19.277,20.0,0.0,0.0,0.0,38.85,38.85,80.0
6.55,19.277,20.0,0.0,0.0,0.0,38.85,38.85,80.0
6.6,19.277,20.0,0.0,0.0,0.0,38.85,38.85,80.0
6.661,19.277,20.0,0.0,0.0,0.0,38.85,38.85,80.0
6.719,19.277,20.0,0.0,0.0,0.0,38.85,38.85,80.0
6.77,19.277,20.0,0.0,0.0,0.0,38.85,38.85,80.0
6.83,19.277,20.0,0.0,0.0,0.0,38.85,38.85,80.0
6.88,19.277,20.0,0.0,0.0,0.0,38.85,38.85,80.0
6.94,19.277,20.0,0.0,0.0,0.0,38.85,38.85,80.0
